<?xml version="1.0" encoding="UTF-8"?>
<project-private xmlns="http://www.netbeans.org/ns/project-private/1">
    <editor-bookmarks xmlns="http://www.netbeans.org/ns/editor-bookmarks/2" lastBookmarkId="0"/>
    <open-files xmlns="http://www.netbeans.org/ns/projectui-open-files/2">
        <group>
            <file>file:/C:/Users/bl0636/Desktop/ExpoPCA/src/FuegosArtific/FuegosArtificiales.java</file>
            <file>file:/C:/Users/bl0636/Desktop/ExpoPCA/src/controladores/ControladorPerfil.java</file>
            <file>file:/C:/Users/bl0636/Desktop/ExpoPCA/src/controladores/ControladorLogin.java</file>
            <file>file:/C:/Users/bl0636/Desktop/ExpoPCA/src/demo/modelo/Validador.java</file>
            <file>file:/C:/Users/bl0636/Desktop/ExpoPCA/src/demo/modelo/Usuario.java</file>
            <file>file:/C:/Users/bl0636/Desktop/ExpoPCA/src/demo/Main.java</file>
            <file>file:/C:/Users/bl0636/Desktop/ExpoPCA/src/controladores/ControladorMenu.java</file>
        </group>
    </open-files>
</project-private>
